First Name,Last Name,Age,Email,Phone,time,shop item
Lyndon,Turner,19,l.turner@randatmail.com,211-9430-44,38,1
Madaline,Cunningham,22,m.cunningham@randatmail.com,439-5768-78,11,8
Carl,Moore,23,c.moore@randatmail.com,757-1696-69,43,5
Ryan,Hamilton,26,r.hamilton@randatmail.com,517-2232-24,83,9
Derek,Ellis,26,d.ellis@randatmail.com,267-3148-65,79,2
Edgar,Morgan,19,e.morgan@randatmail.com,962-4159-01,59,0
Amy,Warren,22,a.warren@randatmail.com,034-2184-02,92,0
Valeria,Sullivan,27,v.sullivan@randatmail.com,471-9200-30,29,4
Cherry,Chapman,20,c.chapman@randatmail.com,615-4294-23,27,4
Sydney,Thomas,19,s.thomas@randatmail.com,248-2304-65,75,6
Melanie,Hall,25,m.hall@randatmail.com,858-0753-16,64,6
Michelle,Howard,27,m.howard@randatmail.com,422-9709-29,40,3
Emily,Johnson,27,e.johnson@randatmail.com,332-4888-27,61,9
James,Myers,23,j.myers@randatmail.com,517-5167-66,39,5
Walter,Barrett,20,w.barrett@randatmail.com,926-4795-28,75,0
Jenna,Harris,30,j.harris@randatmail.com,119-8943-83,43,7
Emily,Evans,27,e.evans@randatmail.com,238-9758-79,7,9
Rafael,Scott,20,r.scott@randatmail.com,054-3541-47,47,9
Carlos,Sullivan,22,c.sullivan@randatmail.com,383-3400-28,68,9
Briony,Miller,21,b.miller@randatmail.com,484-3851-06,31,4
Adrian,Clark,23,a.clark@randatmail.com,872-8348-16,90,8
Dainton,Douglas,21,d.douglas@randatmail.com,346-8912-33,40,8
Miranda,Myers,23,m.myers@randatmail.com,191-6434-93,6,8
Maya,Brown,26,m.brown@randatmail.com,119-7013-64,1,5
Michael,Fowler,28,m.fowler@randatmail.com,956-0839-71,3,8
Kellan,Evans,26,k.evans@randatmail.com,591-9125-22,37,1
Kellan,Hill,18,k.hill@randatmail.com,438-4737-47,22,8
Carina,Davis,22,c.davis@randatmail.com,941-1388-41,68,9
Olivia,Ellis,30,o.ellis@randatmail.com,160-3795-25,8,9
Cadie,Cole,30,c.cole@randatmail.com,221-3711-04,6,8
Reid,Hunt,30,r.hunt@randatmail.com,756-1278-61,84,9
Abigail,Johnston,21,a.johnston@randatmail.com,050-0653-41,81,0
Marcus,Alexander,23,m.alexander@randatmail.com,897-0017-51,68,3
Agata,Warren,25,a.warren@randatmail.com,001-3221-42,65,4
Steven,Allen,29,s.allen@randatmail.com,633-1088-61,13,3
Rubie,Davis,21,r.davis@randatmail.com,628-2663-64,26,8
Caroline,Clark,18,c.clark@randatmail.com,599-3989-40,86,0
Isabella,Clark,29,i.clark@randatmail.com,460-7970-52,30,1
Walter,Farrell,25,w.farrell@randatmail.com,555-6676-98,27,8
Kevin,Montgomery,24,k.montgomery@randatmail.com,694-0538-80,42,2
Freddie,Carroll,24,f.carroll@randatmail.com,092-6490-99,48,4
Kimberly,Parker,23,k.parker@randatmail.com,099-1610-16,41,2
Dexter,Baker,28,d.baker@randatmail.com,410-7829-61,91,0
Justin,Gray,18,j.gray@randatmail.com,185-6996-14,36,0
Annabella,Kelly,19,a.kelly@randatmail.com,161-0311-95,12,8
Vivian,Elliott,23,v.elliott@randatmail.com,051-7450-71,27,2
Amelia,Jones,24,a.jones@randatmail.com,453-5179-47,82,2
Abigail,Grant,24,a.grant@randatmail.com,545-4792-91,82,6
Wilson,Montgomery,30,w.montgomery@randatmail.com,204-1935-60,7,1
Dale,Hamilton,22,d.hamilton@randatmail.com,071-7897-12,71,4
Evelyn,Smith,30,e.smith@randatmail.com,149-9399-54,93,7
Sarah,Scott,22,s.scott@randatmail.com,679-6052-72,72,5
Tess,Richards,24,t.richards@randatmail.com,727-4902-79,14,8
Melissa,Watson,24,m.watson@randatmail.com,492-9834-66,5,6
Lucia,Alexander,30,l.alexander@randatmail.com,336-3225-95,77,6
Daryl,Kelley,23,d.kelley@randatmail.com,418-7757-87,68,8
Brooke,Ross,24,b.ross@randatmail.com,758-2890-97,8,9
Charlie,Montgomery,21,c.montgomery@randatmail.com,873-0704-89,91,0
Lily,Hamilton,22,l.hamilton@randatmail.com,445-3278-03,83,1
Elise,Dixon,28,e.dixon@randatmail.com,981-0340-35,59,7
Jasmine,Brooks,29,j.brooks@randatmail.com,266-2508-85,12,7
Rebecca,Wright,19,r.wright@randatmail.com,222-8002-64,46,5
Justin,Sullivan,28,j.sullivan@randatmail.com,863-2769-80,86,1
Sarah,Murray,21,s.murray@randatmail.com,782-2391-20,51,0
Andrew,Turner,18,a.turner@randatmail.com,881-8946-75,74,1
Adelaide,Sullivan,29,a.sullivan@randatmail.com,914-5025-67,46,8
Jasmine,Adams,19,j.adams@randatmail.com,621-1284-63,66,3
Walter,Warren,24,w.warren@randatmail.com,421-4521-83,44,9
Stella,Martin,22,s.martin@randatmail.com,663-8651-25,62,5
Vivian,Cameron,30,v.cameron@randatmail.com,824-0769-51,60,3
Rebecca,Crawford,19,r.crawford@randatmail.com,359-7361-94,18,4
Tony,Hawkins,23,t.hawkins@randatmail.com,177-1552-05,5,6
Tess,Harper,28,t.harper@randatmail.com,435-3439-03,22,5
Adrian,Henderson,19,a.henderson@randatmail.com,848-5079-49,94,1
Kristian,Hill,21,k.hill@randatmail.com,457-5713-84,18,8
Alford,Evans,24,a.evans@randatmail.com,956-8958-45,13,9
Derek,Scott,28,d.scott@randatmail.com,148-5083-10,86,3
Miley,Moore,20,m.moore@randatmail.com,852-4252-39,67,1
Ada,Bailey,26,a.bailey@randatmail.com,015-3458-46,5,0
Frederick,Edwards,20,f.edwards@randatmail.com,385-0195-99,18,6
Tyler,Robinson,28,t.robinson@randatmail.com,452-9605-24,39,3
Ryan,Montgomery,18,r.montgomery@randatmail.com,098-0474-49,39,0
James,Ferguson,24,j.ferguson@randatmail.com,393-2079-74,54,0
Chelsea,Nelson,27,c.nelson@randatmail.com,301-7894-86,74,9
Dominik,Cooper,23,d.cooper@randatmail.com,086-5724-56,64,0
Ned,Douglas,27,n.douglas@randatmail.com,175-2676-74,12,9
Elise,Alexander,26,e.alexander@randatmail.com,483-0807-10,6,6
Julian,Jones,20,j.jones@randatmail.com,599-2020-85,11,4
Kimberly,Henderson,22,k.henderson@randatmail.com,466-3026-34,32,1
Elian,Morgan,28,e.morgan@randatmail.com,171-1217-06,32,7
Frederick,Johnson,30,f.johnson@randatmail.com,598-8301-32,94,9
Lenny,Kelly,20,l.kelly@randatmail.com,967-5855-13,31,8
Cadie,Foster,28,c.foster@randatmail.com,568-0048-72,35,4
Frederick,Cole,21,f.cole@randatmail.com,786-9842-50,73,3
Kevin,Armstrong,18,k.armstrong@randatmail.com,960-2372-61,79,7
Abraham,Kelley,30,a.kelley@randatmail.com,756-0502-93,93,9
Kevin,Reed,29,k.reed@randatmail.com,087-8080-91,52,0
Florrie,Brooks,29,f.brooks@randatmail.com,707-8113-11,72,2
Penelope,Scott,25,p.scott@randatmail.com,879-4130-58,11,3
Dexter,Bailey,29,d.bailey@randatmail.com,379-6229-67,90,7
Kirsten,Kelly,20,k.kelly@randatmail.com,843-2658-14,90,6
Oscar,Lloyd,21,o.lloyd@randatmail.com,371-5872-74,44,3
Adelaide,Brown,22,a.brown@randatmail.com,429-3554-21,91,7
Arnold,Higgins,27,a.higgins@randatmail.com,681-2717-44,44,6
Kristian,Thompson,18,k.thompson@randatmail.com,447-6875-72,46,8
David,Walker,24,d.walker@randatmail.com,821-6925-19,59,3
Elise,Ferguson,24,e.ferguson@randatmail.com,074-4786-74,18,4
Amber,Grant,21,a.grant@randatmail.com,207-3370-95,96,5
Amber,Murphy,21,a.murphy@randatmail.com,523-8526-26,1,5
Ned,Owens,18,n.owens@randatmail.com,848-5498-88,10,0
Maximilian,Spencer,19,m.spencer@randatmail.com,386-7561-31,15,4
Arnold,Campbell,28,a.campbell@randatmail.com,168-9101-49,3,5
Charlotte,Hall,18,c.hall@randatmail.com,117-1423-82,24,4
Ned,Barrett,29,n.barrett@randatmail.com,483-8555-81,82,4
Melissa,Perkins,21,m.perkins@randatmail.com,665-9874-43,79,1
Darcy,Gibson,28,d.gibson@randatmail.com,026-8366-51,93,7
Justin,Watson,27,j.watson@randatmail.com,347-7747-94,56,5
Alissa,Taylor,20,a.taylor@randatmail.com,263-5743-49,46,9
Adelaide,Wells,22,a.wells@randatmail.com,146-9083-50,89,7
Oliver,Wells,29,o.wells@randatmail.com,098-1231-53,77,9
Clark,Lloyd,28,c.lloyd@randatmail.com,939-8566-30,1,5
Tony,Evans,18,t.evans@randatmail.com,459-0050-82,6,0
Tiana,Mason,24,t.mason@randatmail.com,338-6792-53,60,6
Daryl,Richardson,23,d.richardson@randatmail.com,663-2855-93,19,8
Max,Riley,20,m.riley@randatmail.com,183-3212-86,75,1
Victoria,Morris,26,v.morris@randatmail.com,920-2374-11,73,0
Aiden,Hawkins,20,a.hawkins@randatmail.com,236-6869-98,69,0
Abigail,Gray,28,a.gray@randatmail.com,892-3175-29,29,6
Penelope,Craig,29,p.craig@randatmail.com,376-5259-91,9,9
Kevin,Wells,24,k.wells@randatmail.com,394-3284-97,80,5
Martin,Douglas,19,m.douglas@randatmail.com,079-2092-24,13,0
Freddie,Stewart,27,f.stewart@randatmail.com,026-0425-00,46,8
William,Chapman,30,w.chapman@randatmail.com,732-1434-63,12,3
Adrianna,Turner,23,a.turner@randatmail.com,561-7635-75,24,4
Emily,Johnston,24,e.johnston@randatmail.com,673-2191-91,24,8
Carlos,Murphy,28,c.murphy@randatmail.com,734-7278-48,69,7
Madaline,Owens,28,m.owens@randatmail.com,849-5181-60,4,6
Sawyer,Stewart,27,s.stewart@randatmail.com,621-3280-44,69,8
Penelope,Miller,30,p.miller@randatmail.com,185-0033-56,60,6
Audrey,Davis,26,a.davis@randatmail.com,211-2442-53,32,0
William,Allen,25,w.allen@randatmail.com,662-6629-30,7,8
Belinda,Miller,18,b.miller@randatmail.com,261-9110-28,84,5
Daisy,Stewart,22,d.stewart@randatmail.com,439-2694-58,60,6
Adrianna,Harrison,23,a.harrison@randatmail.com,640-5273-19,22,9
Alford,Carroll,27,a.carroll@randatmail.com,098-2849-63,41,7
Elise,Richards,30,e.richards@randatmail.com,284-7507-14,51,8
George,Richardson,21,g.richardson@randatmail.com,442-8086-25,17,3
Marcus,Ross,19,m.ross@randatmail.com,137-5272-24,69,6
Harold,Allen,19,h.allen@randatmail.com,597-1298-29,22,1
Michelle,Watson,23,m.watson@randatmail.com,453-8663-43,74,5
Alina,Mason,22,a.mason@randatmail.com,667-1575-58,63,3
Lilianna,Parker,21,l.parker@randatmail.com,801-6715-01,15,7
Myra,Hawkins,26,m.hawkins@randatmail.com,046-3837-11,63,5
Rubie,Harrison,21,r.harrison@randatmail.com,770-7609-40,83,7
Jared,Kelly,30,j.kelly@randatmail.com,308-2560-79,97,3
Charlie,Ellis,24,c.ellis@randatmail.com,257-9672-86,83,2
Fenton,Watson,23,f.watson@randatmail.com,046-5264-23,30,1
Miranda,Perkins,25,m.perkins@randatmail.com,379-8422-46,53,2
Spike,Mitchell,19,s.mitchell@randatmail.com,297-3086-05,76,4
Tiana,Murray,18,t.murray@randatmail.com,024-9242-90,47,4
Jack,Brooks,19,j.brooks@randatmail.com,509-3197-60,41,2
Stuart,Montgomery,19,s.montgomery@randatmail.com,792-7028-98,63,6
Connie,Jones,23,c.jones@randatmail.com,421-8744-63,15,7
Walter,Morgan,29,w.morgan@randatmail.com,065-1926-72,65,1
Daisy,Campbell,23,d.campbell@randatmail.com,292-8294-90,37,6
Kate,Ryan,30,k.ryan@randatmail.com,996-0241-07,69,4
James,Martin,28,j.martin@randatmail.com,661-4779-97,71,9
Dainton,Chapman,28,d.chapman@randatmail.com,922-1700-62,98,0
Ellia,Hawkins,30,e.hawkins@randatmail.com,512-5233-93,65,3
Ada,Fowler,29,a.fowler@randatmail.com,910-3564-36,78,6
Walter,Grant,20,w.grant@randatmail.com,012-9088-33,85,2
Camila,West,18,c.west@randatmail.com,211-5153-36,26,7
Ada,Lloyd,30,a.lloyd@randatmail.com,139-5061-69,23,9
Maya,Clark,28,m.clark@randatmail.com,181-4696-84,49,9
Honey,Johnson,18,h.johnson@randatmail.com,648-8837-52,42,3
Adrian,Barnes,23,a.barnes@randatmail.com,742-0946-83,80,2
Hailey,Farrell,25,h.farrell@randatmail.com,581-5141-68,27,5
Aldus,Payne,27,a.payne@randatmail.com,544-0586-17,13,8
Connie,Murphy,29,c.murphy@randatmail.com,375-5246-02,40,1
Natalie,Walker,21,n.walker@randatmail.com,568-8990-24,32,4
Chelsea,West,29,c.west@randatmail.com,478-8982-50,22,6
Hailey,Crawford,28,h.crawford@randatmail.com,795-4961-28,78,3
Victor,Baker,18,v.baker@randatmail.com,180-0888-35,97,2
Brad,Ryan,27,b.ryan@randatmail.com,619-0303-48,74,5
Maya,Myers,20,m.myers@randatmail.com,934-4687-12,29,0
Kevin,Richards,20,k.richards@randatmail.com,428-0288-29,1,0
Marcus,Anderson,21,m.anderson@randatmail.com,768-8651-47,30,9
Byron,Crawford,29,b.crawford@randatmail.com,877-3386-21,40,7
Brad,Thomas,26,b.thomas@randatmail.com,456-0089-98,27,3
David,Carter,18,d.carter@randatmail.com,825-0198-02,12,6
James,Dixon,24,j.dixon@randatmail.com,892-2200-84,58,8
Bruce,Nelson,30,b.nelson@randatmail.com,317-9305-91,86,6
Audrey,Kelley,22,a.kelley@randatmail.com,912-2661-46,15,8
Connie,Spencer,23,c.spencer@randatmail.com,890-8831-64,32,4
April,Howard,23,a.howard@randatmail.com,522-0596-10,32,9
Miller,Wells,19,m.wells@randatmail.com,812-0111-42,78,1
Kate,Douglas,21,k.douglas@randatmail.com,885-3873-85,86,3
Tony,Stevens,28,t.stevens@randatmail.com,611-2806-35,12,3
Victoria,Gray,24,v.gray@randatmail.com,153-0536-01,58,0
Patrick,Robinson,21,p.robinson@randatmail.com,222-3965-36,23,9
